id;name;start_date;end_date
1;Music;2019-11-01T04:45:11;2019-10-31T17:52:23
2;infomediaries;2019-11-01T07:21:56;2019-10-31T19:39:17
3;backing up Salad;2019-11-01T00:54:32;2019-11-01T04:05:01
4;invoice;2019-11-01T02:48:48;2019-11-01T00:05:27
5;sky blue Georgia;2019-11-01T09:32:34;2019-10-31T11:01:29
6;connect Markets Chief;2019-10-31T19:56:42;2019-10-31T16:50:24
7;archive Georgia Aruba;2019-10-31T11:13:35;2019-11-01T02:29:12
8;scale interactive generating;2019-11-01T01:43:57;2019-10-31T11:07:43
9;Home Loan Account;2019-11-01T03:40:14;2019-11-01T06:54:44
10;back-end;2019-11-01T08:30:19;2019-11-01T09:55:09
